Row Labels,Average of Reading..
Every day,54.78013644
Never,49.10748428
Once a month,51.95119318
Once a week,59.62703448
(blank),44.30705882
Grand Total,55.40443577
